{
    "model_version": "da5e6cfd-0ef5-4b63-b7ce-fd2f90c1fd20",
    "dataset_version": "",
    "feature_version": "v1",
    "label_version": "v1",
    "experiment_id": "",
    "git_commit": "51f0dfc5135398fa890e9757c26d5ddefa70d046",
    "trainer": "lightgbm",
    "task_type": "classification",
    "hyperparameters": {
        "n_estimators": 5,
        "max_depth": 3,
        "learning_rate": 0.1
    },
    "random_seed": 42,
    "train_metrics": {
        "accuracy": 0.7833333333333333,
        "precision": 0.8445652173913043,
        "recall": 0.7833333333333333,
        "f1": 0.7668107440568076,
        "roc_auc": 0.8793490460157127
    },
    "val_metrics": {
        "accuracy": 0.65,
        "precision": 0.825,
        "recall": 0.65,
        "f1": 0.6438596491228069,
        "roc_auc": 0.8296703296703298
    },
    "test_metrics": {
        "accuracy": 0.8,
        "precision": 0.85,
        "recall": 0.8,
        "f1": 0.7809523809523808,
        "roc_auc": 0.8333333333333334
    },
    "feature_importance": {
        "f1": 2.0,
        "f2": 3.0
    },
    "candidate_status": "NO",
    "training_duration_seconds": 0.003596782684326172,
    "model_path": "data/models\\da5e6cfd-0ef5-4b63-b7ce-fd2f90c1fd20\\model.joblib",
    "creation_timestamp": "2026-07-20T13:05:24.097885+00:00"
}